sector,source,company,ticker,headline,sentiment,score,theme,risk,url
AI Infrastructure,News,NVIDIA,NVDA,NVIDIA reports record data center revenue as AI chip demand remains robust despite supply constraints,Bullish,0.82,AI Capex Growth,GPU Supply Constraints,https://reuters.com/technology/nvidia-data-center-revenue-record
AI Infrastructure,Social,AMD,AMD,Investor discussions rise around semiconductor demand and data center power usage,Bullish,0.74,Semiconductor Demand,Energy Availability,https://bloomberg.com/markets/semiconductor-demand-data-centers
AI Infrastructure,News,Data Centers,NA,Analysts warn that power shortages may slow AI data center expansion in key markets,Bearish,-0.45,Power Constraints,Infrastructure Bottleneck,https://ft.com/content/ai-data-center-power-shortage
AI Infrastructure,News,Microsoft,MSFT,Microsoft Azure AI services revenue grows 35% year-over-year driven by Copilot enterprise adoption,Bullish,0.76,Cloud AI Adoption,Concentration Risk,https://bloomberg.com/news/microsoft-azure-ai-growth
AI Infrastructure,News,Amazon,AMZN,AWS commits USD 150B in AI infrastructure investment signalling long-term hyperscaler expansion,Bullish,0.69,Hyperscaler Investment,Execution Risk,https://reuters.com/technology/aws-ai-infrastructure-investment
AI Infrastructure,Analyst Report,Alphabet,GOOGL,Google DeepMind increases AI research budget by 40% to compete in foundation model race across enterprise verticals,Bullish,0.72,AI Research Investment,Talent Competition,https://bloomberg.com/news/google-deepmind-ai-budget-increase
AI Infrastructure,News,Anthropic,NA,Enterprise LLM adoption accelerates as Fortune 500 companies deploy AI assistants across knowledge-worker workflows,Bullish,0.65,Enterprise AI Adoption,Security Vulnerability,https://reuters.com/technology/enterprise-llm-adoption-fortune500
AI Infrastructure,Bloomberg Terminal,Broadcom,AVGO,Custom AI chip demand from hyperscalers drives Broadcom ASIC revenue above consensus for third consecutive quarter,Bullish,0.71,Custom Silicon Demand,Supply Concentration,https://bloomberg.com/markets/broadcom-asic-revenue-beat
AI Infrastructure,Regulatory,EU AI Act,NA,EU AI Act compliance deadlines create near-term cost uncertainty for AI product deployments in European markets,Bearish,-0.38,Regulatory Headwind,Compliance Cost,https://ft.com/content/eu-ai-act-compliance-costs
Banking,News,RBC,RY,RBC launches AI-powered client intelligence platform to personalize wealth management advice at scale,Bullish,0.78,AI Client Intelligence,Model Governance,https://theglobeandmail.com/business/rbc-ai-client-intelligence
Banking,News,Canadian Banks,RY,Canadian banks increase GenAI investment to improve underwriting and credit scoring accuracy,Bullish,0.65,GenAI in Credit,Regulatory Compliance,https://ft.com/content/canadian-banks-genai-credit-scoring
Banking,News,RBC Capital Markets,RY,RBC Capital Markets introduces AI-powered research summarization for institutional investors,Bullish,0.72,Research Automation,Data Quality,https://bloomberg.com/news/rbc-capital-markets-ai-research
Banking,News,Big Six Banks,NA,Open banking framework in Canada creates competitive pressure from embedded finance players,Bearish,-0.42,Open Banking Disruption,Fintech Competition,https://theglobeandmail.com/business/open-banking-canada-fintech
Banking,Regulatory,OSFI,NA,OSFI tightens model governance guidelines for AI systems deployed in Canadian financial services,Bearish,-0.38,Regulatory Compliance,Model Governance,https://reuters.com/business/osfi-ai-model-governance-guidelines
Banking,News,Canadian Banks,NA,Canadian banks accelerate digital payments infrastructure ahead of Payments Canada real-time rail launch,Bullish,0.61,Digital Payments,Infrastructure Execution,https://bloomberg.com/news/canada-payments-real-time-rail
Banking,News,Royal Bank of Canada,RY,RBC reports AI-driven fraud detection accuracy saving an estimated CAD 180M in potential losses annually,Bullish,0.84,Fraud Prevention,Data Privacy,https://ft.com/content/rbc-ai-fraud-detection-savings
Banking,ESG,Big Six Banks,NA,ESG-linked lending portfolios grow 34% at major Canadian banks as climate commitments accelerate,Bullish,0.58,ESG Finance,Greenwashing Scrutiny,https://theglobeandmail.com/business/esg-lending-canadian-banks
Banking,Social,Canadian Banks,NA,Analyst sentiment turns cautious on Canadian bank earnings as credit loss provisions rise for second quarter,Bearish,-0.32,Credit Loss Provisions,Consumer Credit Stress,https://bloomberg.com/news/canadian-bank-credit-provisions
Banking,Earnings Call,RBC,RY,RBC CEO highlights AI-driven productivity gains reducing cost-to-income ratio by 200 basis points year-over-year,Bullish,0.76,Productivity Gains,Technology Dependency,https://theglobeandmail.com/business/rbc-ceo-ai-productivity-earnings
Banking,News,Canadian Challenger Banks,NA,Digital challenger banks gain share in Canadian mortgage origination through AI-powered and digital-first platforms,Bearish,-0.35,Digital Disruption,Market Share Erosion,https://bloomberg.com/news/canadian-digital-banks-mortgage-share
Banking,Alternative Data,Canadian Banks,NA,Job posting data signals accelerating tech hiring at Canadian banks indicating major platform modernization investments,Bullish,0.62,Platform Modernization,Execution Risk,https://reuters.com/business/canadian-banks-tech-hiring-signals
Banking,News,Canadian Mortgages,NA,Canadian mortgage delinquency rates tick higher amid elevated borrowing costs and record household debt load,Bearish,-0.44,Mortgage Stress,Credit Loss Cycle,https://ft.com/content/canada-mortgage-delinquency-rates
FinTech,News,Embedded Finance,NA,Embedded finance platforms see 28% adoption increase as banks partner with FinTechs on API-first products,Bullish,0.64,Embedded Finance,Regulatory Uncertainty,https://reuters.com/business/embedded-finance-bank-partnerships
FinTech,News,Klarna,NA,Buy-now-pay-later delinquency rates rise 18% as consumer credit stress intensifies across markets,Bearish,-0.52,Consumer Credit Stress,Default Concentration,https://bloomberg.com/news/klarna-bnpl-delinquency
FinTech,News,Bank of Canada,NA,Bank of Canada accelerates digital dollar research as G7 nations coordinate on CBDC frameworks,Neutral,0.08,Digital Currency,Monetary Policy Uncertainty,https://theglobeandmail.com/business/bank-of-canada-cbdc-research
FinTech,News,Wealthsimple,NA,Canadian fintech Wealthsimple reaches 4 million users driven by commission-free trading and AI-powered advice,Bullish,0.71,Retail FinTech Growth,Regulatory Scrutiny,https://ft.com/content/wealthsimple-4-million-users
FinTech,News,Crypto Markets,NA,SEC regulatory clarity on digital assets boosts institutional crypto custody adoption and market confidence,Bullish,0.48,Digital Asset Adoption,Market Volatility,https://bloomberg.com/news/sec-crypto-clarity-institutional
FinTech,Alternative Data,Payments,NA,Real-time payment volumes surge 42% as app download data confirms accelerating Interac e-Transfer and instant payment adoption,Bullish,0.67,Payment Modernization,Fraud Exposure,https://theglobeandmail.com/business/real-time-payments-surge
FinTech,News,InsurTech,NA,AI-powered underwriting platforms cut insurance policy issuance from weeks to minutes improving loss ratios,Bullish,0.62,Process Automation,Model Risk,https://bloomberg.com/news/insurtech-ai-underwriting-efficiency
FinTech,News,RegTech,NA,Regulatory technology adoption grows among financial institutions facing increased AML and compliance complexity,Bullish,0.58,Compliance Automation,Implementation Risk,https://reuters.com/business/regtech-adoption-financial-institutions
FinTech,News,Neobanks,NA,European neobank valuations compress as path to profitability remains elusive amid rising rates and tighter funding,Bearish,-0.46,Profitability Pressure,Funding Cliff,https://ft.com/content/neobank-valuations-profitability-pressure
Wealth Management,News,UBS,UBS,UBS reports AI-assisted wealth management increases AUM retention by 18% in flagship pilot study,Bullish,0.75,AI Wealth Management,Data Privacy,https://bloomberg.com/news/ubs-ai-wealth-aum-retention
Wealth Management,News,Robo-Advisors,NA,Robo-advisor assets under management surpass USD 1.5T globally as fee compression accelerates the shift,Neutral,0.12,Fee Compression,Margin Pressure,https://reuters.com/business/robo-advisor-aum-record
Wealth Management,News,Goldman Sachs,GS,Goldman Sachs launches AI-driven portfolio construction tool for ultra-high-net-worth client segment,Bullish,0.68,AI Portfolio Management,Model Dependency,https://ft.com/content/goldman-sachs-ai-portfolio-tool
Wealth Management,News,Wealth Sector,NA,Rising interest rates pressure illiquid alternative investment portfolios held by wealth management clients,Bearish,-0.44,Portfolio Stress,Liquidity Mismatch,https://bloomberg.com/news/interest-rates-wealth-alt-investments
Wealth Management,Analyst Report,RBC Dominion,RY,RBC Dominion Securities advisors leverage AI productivity tools to increase client contact ratio by 23%,Bullish,0.68,Advisor Productivity,Technology Adoption,https://theglobeandmail.com/business/rbc-dominion-ai-advisor-productivity
Wealth Management,News,UHNW Clients,NA,Ultra-high-net-worth clients increase allocation to private credit and alternatives amid public equity uncertainty,Bullish,0.52,Alternative Allocation,Liquidity Risk,https://bloomberg.com/news/uhnw-alternative-investment-allocation
Wealth Management,News,ESG Investing,NA,ESG fund inflows recover after two years of outflows as regulatory frameworks provide definitional clarity,Bullish,0.48,ESG Recovery,Greenwashing Risk,https://reuters.com/business/esg-fund-inflows-recovery
Wealth Management,Bloomberg Terminal,Private Credit,NA,Private credit assets under management surpass USD 2T as institutional investors seek yield in non-public markets,Bullish,0.66,Private Credit Growth,Default Cycle Risk,https://ft.com/content/private-credit-2-trillion-aum
Wealth Management,Alternative Data,Wealth Transfer,NA,Estate planning web searches and law firm hiring signals point to accelerating Great Wealth Transfer activity,Bullish,0.71,Wealth Transfer Wave,Client Retention,https://bloomberg.com/news/great-wealth-transfer-signals
Energy,News,Utilities,XLU,Energy demand forecast rises 22% due to AI data center growth driving utility infrastructure investment,Bullish,0.71,Electricity Demand,Grid Reliability,https://reuters.com/business/energy-demand-ai-data-centers
Energy,News,Canadian Oil,SU,Canadian oil sands producers increase AI deployment for predictive maintenance reducing unplanned downtime,Bullish,0.62,Industrial AI Adoption,Transition Exposure,https://theglobeandmail.com/business/oil-sands-ai-predictive-maintenance
Energy,News,Renewables,NA,Renewable energy capacity installations exceed targets but grid integration bottlenecks persist across regions,Neutral,0.09,Clean Energy Transition,Infrastructure Gap,https://bloomberg.com/news/renewable-energy-grid-integration
Energy,News,Oil Markets,USO,OPEC+ supply cut uncertainty weighs on near-term energy price outlook and producer margins,Bearish,-0.41,Supply Uncertainty,Geopolitical Exposure,https://reuters.com/business/opec-supply-cuts-price-outlook
Energy,News,LNG Canada,NA,LNG Canada export terminal commissioning boosts Canadian natural gas price outlook and producer confidence,Bullish,0.73,LNG Export Growth,Price Volatility,https://theglobeandmail.com/business/lng-canada-export-terminal
Energy,Satellite,Oil Tankers,USO,Satellite vessel tracking data signals OPEC tanker fleet slowdown consistent with voluntary production restraint,Bearish,-0.36,Supply Constraint Signal,Data Lag Risk,https://bloomberg.com/news/opec-tanker-satellite-tracking
Energy,News,Copper Markets,COPX,Copper demand outlook strengthens as electrification of transport and power grid infrastructure accelerates globally,Bullish,0.68,Critical Minerals Demand,Geopolitical Supply Risk,https://reuters.com/business/copper-demand-electrification
Energy,News,Nuclear Energy,NA,Nuclear energy renaissance gains momentum as governments reverse phase-out decisions amid energy security concerns,Bullish,0.62,Nuclear Renaissance,Public Acceptance,https://ft.com/content/nuclear-renaissance-government-support
Energy,Alternative Data,Alberta Oil Sands,CNQ,Job posting data from Alberta signals accelerating upstream oil sands workforce expansion ahead of Q4 production targets,Bullish,0.55,Production Expansion Signal,Labour Availability,https://theglobeandmail.com/business/alberta-oil-sands-hiring-signals
Consumer Retail,News,Retail Sector,XRT,Consumer retail sentiment weakens amid discretionary spending pressure and rising delinquency trends,Bearish,-0.37,Consumer Softness,Margin Compression,https://bloomberg.com/news/consumer-retail-discretionary-spending
Consumer Retail,News,Amazon,AMZN,Amazon retail AI personalization drives 12% increase in basket size and repeat purchase frequency,Bullish,0.63,AI Personalization,Data Privacy,https://reuters.com/business/amazon-ai-personalization-basket-size
Consumer Retail,News,Luxury Goods,NA,Luxury goods sector maintains resilience as ultra-high-net-worth consumer spending remains robust,Bullish,0.51,Luxury Resilience,Economic Slowdown,https://ft.com/content/luxury-goods-resilience-spending
Consumer Retail,News,Grocery Chains,NA,Grocery chains face margin pressure as shrinkflation transparency regulations create consumer backlash,Bearish,-0.48,Consumer Trust,Regulatory Exposure,https://reuters.com/business/grocery-shrinkflation-transparency
Consumer Retail,Alternative Data,Dollar Stores,DG,Credit card spend data confirms value-seeking consumer shift driving dollar store same-store sales above expectations,Bullish,0.58,Value Retail Shift,Same-store Deceleration,https://bloomberg.com/news/dollar-store-credit-card-data
Consumer Retail,News,E-Commerce,SHOP,Cross-border e-commerce volumes surge as Shopify merchants expand internationally aided by AI translation and logistics tools,Bullish,0.66,Digital Commerce Growth,Logistics Complexity,https://reuters.com/business/shopify-cross-border-ecommerce-surge
Consumer Retail,Alternative Data,Food Delivery,NA,App download data shows food delivery frequency stabilizing while basket value improves signalling mix-shift to premium orders,Neutral,0.14,Platform Economics,Unit Economics Risk,https://ft.com/content/food-delivery-app-basket-value
Consumer Retail,Social,Consumer Sentiment,NA,Consumer confidence index declines for third consecutive month amid persistent inflation and rate sensitivity concerns,Bearish,-0.42,Consumer Confidence,Recession Signal,https://bloomberg.com/news/consumer-confidence-third-decline
Consumer Retail,Analyst Report,Fast Fashion,NA,Fast fashion sector faces regulatory headwind as circular economy mandates and extended producer responsibility laws expand,Bearish,-0.38,Regulatory Headwind,Supply Chain Complexity,https://reuters.com/business/fast-fashion-circular-economy-regulation
Fixed Income,Analyst Report,US Treasuries,NA,US yield curve normalization from inversion signals improving growth expectations among fixed income strategists,Bullish,0.52,Yield Curve Normalization,Duration Risk,https://bloomberg.com/markets/yield-curve-normalization-signal
Fixed Income,News,Investment Grade,LQD,Investment grade corporate credit spreads tighten to post-pandemic lows on strong earnings and resilient demand,Bullish,0.64,Credit Spread Compression,Spread Reversal Risk,https://reuters.com/business/investment-grade-spreads-tighten
Fixed Income,Bloomberg Terminal,High Yield,HYG,High yield default rates rise in lower-rated CCC-tier issuers as refinancing wall approaches and rates remain elevated,Bearish,-0.48,Default Cycle Risk,Liquidity Crunch,https://ft.com/content/high-yield-default-rates-rise
Fixed Income,News,Sovereign Debt,NA,Emerging market sovereign debt rally pauses as US dollar strength reasserts and capital flows reverse,Bearish,-0.36,EM Volatility,Currency Risk,https://bloomberg.com/markets/em-sovereign-debt-dollar-pressure
Fixed Income,Analyst Report,Canadian Bonds,XBB,Bank of Canada rate cut expectations support Canadian government bond rally and duration extension trade opportunity,Bullish,0.58,Rate Cut Positioning,Policy Error Risk,https://theglobeandmail.com/business/bank-of-canada-rate-cut-bond-rally
Fixed Income,News,Mortgage Market,MBB,Mortgage-backed securities demand improves as prepayment speeds stabilize and housing activity shows early recovery,Neutral,0.10,Securitization Recovery,Prepayment Risk,https://bloomberg.com/news/mbs-demand-prepayment-stabilization
Fixed Income,News,Corporate Bonds,NA,Record investment grade issuance in Q1 as corporates pre-fund ahead of anticipated volatility and M&A activity,Bullish,0.55,Issuance Activity,Spread Widening Risk,https://reuters.com/business/investment-grade-record-issuance
Fixed Income,Regulatory,CLO Market,NA,Leveraged loan market tightening as regulators increase scrutiny of private credit structures and CLO disclosure standards,Bearish,-0.42,Regulatory Scrutiny,Leverage Exposure,https://ft.com/content/clo-regulatory-scrutiny-disclosure
Healthcare,News,AI Drug Discovery,NA,AI-powered drug discovery reduces molecule identification phase from years to months at leading pharmaceutical firms,Bullish,0.76,AI Drug Discovery,Clinical Stage Risk,https://reuters.com/business/ai-drug-discovery-molecule-identification
Healthcare,Alternative Data,GLP-1 Market,LLY,Satellite foot traffic data confirms GLP-1 drug demand surge driving pharmacy visit frequency above seasonal norms,Bullish,0.82,GLP-1 Demand Signal,Supply Chain Constraints,https://bloomberg.com/news/glp1-pharmacy-satellite-foottraffic
Healthcare,News,Medical Devices,ABT,Medical device manufacturers accelerate AI integration for remote patient monitoring and automated diagnostics,Bullish,0.68,AI Diagnostics,Regulatory Approval Risk,https://ft.com/content/medical-devices-ai-remote-monitoring
Healthcare,Analyst Report,Biotech,XBI,Biotech IPO pipeline strengthens as capital markets appetite for pre-revenue therapeutics improves after two-year drought,Bullish,0.54,Biotech Revival,Clinical Failure Risk,https://bloomberg.com/news/biotech-ipo-pipeline-revival
Healthcare,News,Generic Drugs,NA,Generic drug pricing pressure intensifies as biosimilar approvals accelerate across major therapeutic categories,Bearish,-0.44,Pricing Pressure,Margin Erosion,https://reuters.com/business/generic-biosimilar-pricing-pressure
Healthcare,Regulatory,FDA,NA,FDA AI-assisted drug review pathway reduces approval timelines but raises post-market surveillance standards,Neutral,0.15,Regulatory Innovation,Post-market Liability,https://theglobeandmail.com/business/fda-ai-drug-review-pathway
Healthcare,News,Healthcare AI,NA,Hospital systems deploy AI triage and diagnostic tools reducing ER wait times 35% while navigating data privacy scrutiny,Bullish,0.58,Healthcare AI Adoption,Privacy Regulatory Risk,https://ft.com/content/hospital-ai-triage-er-outcomes
